Company,Technology Stack,Annual Revenue,Employee Count
InnovateHub,SaaS,15000000.0,75
DataWeave Solutions,FinTech,50000000.0,250
CloudSphere Inc.,Cloud Computing,120000000.0,500
NextGen Robotics,Hardware,5000000.0,30
Healthify,HealthTech,25000000.0,120
EcomEngine,E-commerce Platform,,200
QuantumLeap AI,,,15
SecureKey Systems,Cybersecurity,75000000.0,300
GreenLeaf Organics,Retail,1000000.0,10
ConnectSphere,Social Media,8000000.0,45
LogiTrack,Logistics,200000000.0,600
FinPal,FinTech,3500000.0,25
MobileFirst Devs,Mobile Development,750000.0,5
PixelPerfect,Design Agency,1200000.0,12
SustainFarms,AgriTech,6000000.0,50
SmartHome Solutions,IoT,18000000.0,80
VirtualHealth,Telehealth,40000000.0,200
TechWave Innovations,Software Development,30000000.0,150
BioSync Health,HealthTech,9000000.0,40
EduTech Minds,EdTech,22000000.0,85
FinGuard Analytics,FinTech,31000000.0,120
AutoNav Systems,Automotive,15000000.0,60
GreenEnergy Solutions,CleanTech,85000000.0,200
NeuroLink Devices,MedTech,27000000.0,90
TraceAI Analytics,AI & ML,5100000.0,35
SolarWorks Tech,Clean Energy,7200000.0,25
MarketPulse Commerce,Social Commerce,13000000.0,55
ChipCore Systems,Semiconductor,95000000.0,220
